{
    "background": {
      "color": "#000000"
    },
    "interactivity": {
      "events": {
        "onClick": {
          "enable": false,
          "mode": "push"
        },
        "onHover": {
          "enable": false,
          "mode": "repulse"
        },
        "resize": true
      },
      "modes": {
        "push": {
          "quantity": 4
        },
        "repulse": {
          "distance": 200,
          "duration": 0.4
        }
      }
    },
    "particles": {
      "color": {
        "value": "#626262"
      },
      "links": {
        "color": "#626262",
        "distance": 150,
        "enable": true,
        "opacity": 0.5,
        "width": 1
      },
      "collisions": {
        "enable": true
      },
      "move": {
        "direction": "none",
        "enable": true,
        "outModes": {
          "default": "bounce"
        },
        "random": false,
        "speed": 6,
        "straight": false
      },
      "number": {
        "density": {
          "enable": true
        },
        "value": 140
      },
      "opacity": {
        "value": 0.5
      },
      "shape": {
        "type": "circle"
      },
      "size": {
        "random": true,
        "value": 2
      }
    }
  }